{"2025": {"4G6nNGHT2wg": {"start": 1739332259, "end": 1739547319.736114}, "8ICQ-uejENE": {"start": 1739548084.421751, "end": 1739552941.6075351}, "xrpsNmqPOJ8": {"start": 1739554145.5134103, "end": 1739555610.873011}}}