{"2025": {"4G6nNGHT2wg": {"start": 1739332259, "end": 1739547319.736114}, "8ICQ-uejENE": {"start": 1739548084.421751, "end": 1739551250.3166103}}}