{"2025": {"4G6nNGHT2wg": {"start": 1739332259, "end": 1739547319.736114}, "8ICQ-uejENE": {"start": 1739548084.421751, "end": 1739552941.6075351}, "xrpsNmqPOJ8": {"start": 1739554145.5134103, "end": 1739559201.5784535}, "ZA20UYZ8Gpc": {"start": 1739560082.7285879, "end": 1739563912.7375693}, "QS3SF_wkSiI": {"start": 1739565006.0657554, "end": 1739566049.8721797}, "QD4WF2EvD2I": {"start": 1739566409.4921868, "end": 1739568447.9930284}}}