{"2025": {"4G6nNGHT2wg": {"start": 1739332259, "end": 1739547319.736114}, "8ICQ-uejENE": {"start": 1739548084.421751, "end": 1739552941.6075351}, "xrpsNmqPOJ8": {"start": 1739554145.5134103, "end": 1739559201.5784535}, "ZA20UYZ8Gpc": {"start": 1739560082.7285879, "end": 1739563912.7375693}, "QS3SF_wkSiI": {"start": 1739565006.0657554, "end": 1739566049.8721797}, "QD4WF2EvD2I": {"start": 1739566409.4921868, "end": 1739568447.9930284}, "RqAx5SeGT_Y": {"start": 1739569640.151847, "end": 1739572243.0542812}, "UW16EnO2-Hk": {"start": 1739573249.300312, "end": 1739574601.9270654}, "BShcMtCXyHE": {"start": 1739575666.5885456, "end": 1739577186.4429026}, "QS8KKg9z7iE": {"start": 1739580364.2148807, "end": 1739580364.2148812}, "4P419a8MFd4": {"start": 1739584388.139505, "end": 1739588101.8141322}, "g9sabU5xzuQ": {"start": 1739590428.1750777, "end": 1739591589.557356}, "KHG-aeaPE8Y": {"start": 1739594114.3159413, "end": 1739597458.1434414}, "ErKhUbOPMRw": {"start": 1739598795.1349745, "end": 1739598795.1349747}, "_xs_If6ZYQ8": {"start": 1739601380.9045446, "end": 1739602398.4795818}, "ONCdnQyCQmA": {"start": 1739604327.606649, "end": 1739623681.6833577}, "a1w7YAdqrq0": {"start": 1739626119.3557546, "end": 1739626119.3557549}, "-MViUL06nHw": {"start": 1739627584.977036, "end": 1739627584.9770362}, "j7nQxGK4RVg": {"start": 1739629731.1323795, "end": 1739629731.1323795}, "Xs2NpcSP7s8": {"start": 1739631210.5614192, "end": 1739634800.2220993}, "G4CQWXeLKdQ": {"start": 1739637289.4995556, "end": 1739642018.221499}, "ftkcd26hLvU": {"start": 1739644421.3070347, "end": 1739644421.307035}, "w-kkBaehG8I": {"start": 1739645594.0755618, "end": 1739647934.0488982}}}