{"2025": {"4G6nNGHT2wg": {"start": 1739332259, "end": 1739547319.736114}, "8ICQ-uejENE": {"start": 1739548084.421751, "end": 1739552941.6075351}, "xrpsNmqPOJ8": {"start": 1739554145.5134103, "end": 1739559201.5784535}, "ZA20UYZ8Gpc": {"start": 1739560082.7285879, "end": 1739561050.6999373}}}